name,ra (J2000 hrs),dec (J2000 deg),pmra (mas/yr),pmdec (mas/yr),parallax (mas),rv (km/s),vmag (Johnson V),sptype,vsini,exptime (sec),fauexptime (sec),active,finder,comment
HD9407,1.5759072,68.948133,-377.76,113.87,48.41,-33.213,6.53,G6,,1800,5,1,https://archive.stsci.edu/cgi-bin/dss_search?v=poss2ukstu_red&r=23.638608&d=68.948133&e=J2000&h=15.0&w=15.0&f=gif&c=none&fov=NONE&v3=,"Requested by wright, but too faint for commissioning"
HD10700,1.7344676,-15.93748,-1721.05,854.16,273.96,-16.68,3.5,G8,,906,5,1,https://archive.stsci.edu/cgi-bin/dss_search?v=poss2ukstu_red&r=26.017014&d=-15.93748&e=J2000&h=15.0&w=15.0&f=gif&c=none&fov=NONE&v3=,tau Ceti
HD19373,3.1511167,49.61328,1262.41,-91.5,94.87,49.22,4.05,G0,,1504,5,1,https://archive.stsci.edu/cgi-bin/dss_search?v=poss2ukstu_red&r=47.2667505&d=49.61328&e=J2000&h=15.0&w=15.0&f=gif&c=none&fov=NONE&v3=,
HD32147,5.0136111,-5.753675,550.12,-1109.23,114.84,21.671,6.21,K3,,1800,5,1,https://archive.stsci.edu/cgi-bin/dss_search?v=poss2ukstu_red&r=75.2041665&d=-5.753675&e=J2000&h=15.0&w=15.0&f=gif&c=none&fov=NONE&v3=,
HD72673,8.5476378,-31.500853,-1113.37,761.57,81.91,14.882,6.38,K0,,1800,5,1,https://archive.stsci.edu/cgi-bin/dss_search?v=poss2ukstu_red&r=128.214567&d=-31.500853&e=J2000&h=15.0&w=15.0&f=gif&c=none&fov=NONE&v3=,
HD122064,13.958905,61.492861,-32.36,216.49,99.39,-26.543,6.52,K3,,1800,5,1,https://archive.stsci.edu/cgi-bin/dss_search?v=poss2ukstu_red&r=209.383575&d=61.492861&e=J2000&h=15.0&w=15.0&f=gif&c=none&fov=NONE&v3=,
HD185144,19.539331,69.661178,598.07,-1738.4,173.77,26.78,4.68,K0,,1800,5,1,https://archive.stsci.edu/cgi-bin/dss_search?v=poss2ukstu_red&r=293.089965&d=69.661178&e=J2000&h=15.0&w=15.0&f=gif&c=none&fov=NONE&v3=,Sigma Draconis
HD191408A,20.186649,-36.101211,456.99,-1574.64,166.25,-126.9,5.31,K3,,1800,5,1,https://archive.stsci.edu/cgi-bin/dss_search?v=poss2ukstu_red&r=302.799735&d=-36.101211&e=J2000&h=15.0&w=15.0&f=gif&c=none&fov=NONE&v3=,Binary star
HD69830,8.3066519,-12.632169,278.99,-987.59,80.04,32.2,5.95,K0,,1800,5,1,https://archive.stsci.edu/cgi-bin/dss_search?v=poss2ukstu_red&r=124.5997785&d=-12.632169&e=J2000&h=15.0&w=15.0&f=gif&c=none&fov=NONE&v3=,known planets (3 all neptune mass)
HD75732,8.8766142,28.330819,-485.8,-234.05,81.03,27.58,5.95,G8,,1800,5,1,https://archive.stsci.edu/cgi-bin/dss_search?v=poss2ukstu_red&r=133.149213&d=28.330819&e=J2000&h=15.0&w=15.0&f=gif&c=none&fov=NONE&v3=,"known planet (55 Cnc), twin to the south west (but should be off field)"
HD217107,22.970984,-2.3953833,-6.35,-15.8,50.36,-13.4,6.18,G8,,1800,5,1,https://archive.stsci.edu/cgi-bin/dss_search?v=poss2ukstu_red&r=344.56476&d=-2.3953833&e=J2000&h=15.0&w=15.0&f=gif&c=none&fov=NONE&v3=,known planet
HD61421,7.6550331,5.2249889,-714.59,-1036.8,284.56,3.2,0.37,F5,,60,0.01,1,https://archive.stsci.edu/cgi-bin/dss_search?v=poss2ukstu_red&r=114.8254965&d=5.2249889&e=J2000&h=15.0&w=15.0&f=gif&c=none&fov=NONE&v3=,Procyon
HD1461,0.31163,-8.053,0,0,0,0,6.46,G0,,1800,5,0,https://archive.stsci.edu/cgi-bin/dss_search?v=poss2ukstu_red&r=4.67445&d=-8.053&e=J2000&h=15.0&w=15.0&f=gif&c=none&fov=NONE&v3=,
HD3651,0.6560573,21.25047,0,0,0,0,5.88,K0,,1800,5,0,https://archive.stsci.edu/cgi-bin/dss_search?v=poss2ukstu_red&r=9.8408595&d=21.25047&e=J2000&h=15.0&w=15.0&f=gif&c=none&fov=NONE&v3=,
HD3765,0.6803527,40.18717,0,0,0,0,7.36,K2,,1800,5,0,https://archive.stsci.edu/cgi-bin/dss_search?v=poss2ukstu_red&r=10.2052905&d=40.18717&e=J2000&h=15.0&w=15.0&f=gif&c=none&fov=NONE&v3=,
HD4256,0.7513593,1.78552,0,0,0,0,8.001,K2,,1800,5,0,https://archive.stsci.edu/cgi-bin/dss_search?v=poss2ukstu_red&r=11.2703895&d=1.78552&e=J2000&h=15.0&w=15.0&f=gif&c=none&fov=NONE&v3=,
HD4614A,0.818414,57.81519,0,0,0,0,3.45,G0,,865,5,0,https://archive.stsci.edu/cgi-bin/dss_search?v=poss2ukstu_red&r=12.27621&d=57.81519&e=J2000&h=15.0&w=15.0&f=gif&c=none&fov=NONE&v3=,
HD4614B,0.818414,57.81519,0,0,0,0,3.45,K7,,865,5,0,https://archive.stsci.edu/cgi-bin/dss_search?v=poss2ukstu_red&r=12.27621&d=57.81519&e=J2000&h=15.0&w=15.0&f=gif&c=none&fov=NONE&v3=,
HD4628,0.8063827,5.28061,0,0,0,0,5.74,K2,,1800,5,0,https://archive.stsci.edu/cgi-bin/dss_search?v=poss2ukstu_red&r=12.0957405&d=5.28061&e=J2000&h=15.0&w=15.0&f=gif&c=none&fov=NONE&v3=,
HD4747,0.8241013,-23.21248,0,0,0,0,7.155,G8,,1800,5,0,https://archive.stsci.edu/cgi-bin/dss_search?v=poss2ukstu_red&r=12.3615195&d=-23.21248&e=J2000&h=15.0&w=15.0&f=gif&c=none&fov=NONE&v3=,
HD4915,0.8530133,-5.03928,0,0,0,0,6.972,G0,,1800,5,0,https://archive.stsci.edu/cgi-bin/dss_search?v=poss2ukstu_red&r=12.7951995&d=-5.03928&e=J2000&h=15.0&w=15.0&f=gif&c=none&fov=NONE&v3=,
HD7924,1.3664207,76.71028,0,0,0,0,7.185,K0,,1800,5,0,https://archive.stsci.edu/cgi-bin/dss_search?v=poss2ukstu_red&r=20.4963105&d=76.71028&e=J2000&h=15.0&w=15.0&f=gif&c=none&fov=NONE&v3=,
HD10476,1.7082673,20.2685,0,0,0,0,5.2,K1,,1800,5,0,https://archive.stsci.edu/cgi-bin/dss_search?v=poss2ukstu_red&r=25.6240095&d=20.2685&e=J2000&h=15.0&w=15.0&f=gif&c=none&fov=NONE&v3=,
HD12051,1.985176,33.20968,0,0,0,0,7.14,G5,,1800,5,0,https://archive.stsci.edu/cgi-bin/dss_search?v=poss2ukstu_red&r=29.77764&d=33.20968&e=J2000&h=15.0&w=15.0&f=gif&c=none&fov=NONE&v3=,
HD12846,2.1084013,24.33399,0,0,0,0,6.885,G2,,1800,5,0,https://archive.stsci.edu/cgi-bin/dss_search?v=poss2ukstu_red&r=31.6260195&d=24.33399&e=J2000&h=15.0&w=15.0&f=gif&c=none&fov=NONE&v3=,
HD14412,2.3162513,-25.94569,0,0,0,0,6.34,G5,,1800,5,0,https://archive.stsci.edu/cgi-bin/dss_search?v=poss2ukstu_red&r=34.7437695&d=-25.94569&e=J2000&h=15.0&w=15.0&f=gif&c=none&fov=NONE&v3=,
HD16160,2.6013593,6.88687,0,0,0,0,5.83,K3,,1800,5,0,https://archive.stsci.edu/cgi-bin/dss_search?v=poss2ukstu_red&r=39.0203895&d=6.88687&e=J2000&h=15.0&w=15.0&f=gif&c=none&fov=NONE&v3=,
HD17230,2.771466,11.77524,0,0,0,0,8.574,K5,,1800,5,0,https://archive.stsci.edu/cgi-bin/dss_search?v=poss2ukstu_red&r=41.57199&d=11.77524&e=J2000&h=15.0&w=15.0&f=gif&c=none&fov=NONE&v3=,
HD18143,2.927516,26.87322,0,0,0,0,7.58,G5,,1800,5,0,https://archive.stsci.edu/cgi-bin/dss_search?v=poss2ukstu_red&r=43.91274&d=26.87322&e=J2000&h=15.0&w=15.0&f=gif&c=none&fov=NONE&v3=,
HD18803,3.0405633,26.60924,0,0,0,0,6.624,G8,,1800,5,0,https://archive.stsci.edu/cgi-bin/dss_search?v=poss2ukstu_red&r=45.6084495&d=26.60924&e=J2000&h=15.0&w=15.0&f=gif&c=none&fov=NONE&v3=,
HD20165,3.246452,8.98079,0,0,0,0,7.8,K1,,1800,5,0,https://archive.stsci.edu/cgi-bin/dss_search?v=poss2ukstu_red&r=48.69678&d=8.98079&e=J2000&h=15.0&w=15.0&f=gif&c=none&fov=NONE&v3=,
HD20619,3.3171927,-2.84319,0,0,0,0,7.039,G1,,1800,5,0,https://archive.stsci.edu/cgi-bin/dss_search?v=poss2ukstu_red&r=49.7578905&d=-2.84319&e=J2000&h=15.0&w=15.0&f=gif&c=none&fov=NONE&v3=,
HD22879,3.672796,-3.21698,0,0,0,0,6.667,F9,,1800,5,0,https://archive.stsci.edu/cgi-bin/dss_search?v=poss2ukstu_red&r=55.09194&d=-3.21698&e=J2000&h=15.0&w=15.0&f=gif&c=none&fov=NONE&v3=,
HD23356,3.73204,-19.1109,0,0,0,0,7.081,K2,,1800,5,0,https://archive.stsci.edu/cgi-bin/dss_search?v=poss2ukstu_red&r=55.9806&d=-19.1109&e=J2000&h=15.0&w=15.0&f=gif&c=none&fov=NONE&v3=,
HD23439,3.7839213,41.42726,0,0,0,0,8.78,K1,,1800,5,0,https://archive.stsci.edu/cgi-bin/dss_search?v=poss2ukstu_red&r=56.7588195&d=41.42726&e=J2000&h=15.0&w=15.0&f=gif&c=none&fov=NONE&v3=,
HD24238,3.917734,61.16681,0,0,0,0,7.85,K0,,1800,5,0,https://archive.stsci.edu/cgi-bin/dss_search?v=poss2ukstu_red&r=58.76601&d=61.16681&e=J2000&h=15.0&w=15.0&f=gif&c=none&fov=NONE&v3=,
HD24496,3.9077867,16.61605,0,0,0,0,6.81,G0,,1800,5,0,https://archive.stsci.edu/cgi-bin/dss_search?v=poss2ukstu_red&r=58.6168005&d=16.61605&e=J2000&h=15.0&w=15.0&f=gif&c=none&fov=NONE&v3=,
HD25329,4.0541667,35.27328,0,0,0,0,8.5,K1,,1800,5,0,https://archive.stsci.edu/cgi-bin/dss_search?v=poss2ukstu_red&r=60.8125005&d=35.27328&e=J2000&h=15.0&w=15.0&f=gif&c=none&fov=NONE&v3=,
HD25665,4.1597333,69.54139,0,0,0,0,7.697,G5,,1800,5,0,https://archive.stsci.edu/cgi-bin/dss_search?v=poss2ukstu_red&r=62.3959995&d=69.54139&e=J2000&h=15.0&w=15.0&f=gif&c=none&fov=NONE&v3=,
HD26965,4.2545333,-7.65287,0,0,0,0,4.41,K1,,1800,5,0,https://archive.stsci.edu/cgi-bin/dss_search?v=poss2ukstu_red&r=63.8179995&d=-7.65287&e=J2000&h=15.0&w=15.0&f=gif&c=none&fov=NONE&v3=,
HD29883,4.72651,27.6874,0,0,0,0,8.01,K5,,1800,5,0,https://archive.stsci.edu/cgi-bin/dss_search?v=poss2ukstu_red&r=70.89765&d=27.6874&e=J2000&h=15.0&w=15.0&f=gif&c=none&fov=NONE&v3=,
HD32923,5.1241687,18.64505,0,0,0,0,5.01,G4,,1800,5,0,https://archive.stsci.edu/cgi-bin/dss_search?v=poss2ukstu_red&r=76.8625305&d=18.64505&e=J2000&h=15.0&w=15.0&f=gif&c=none&fov=NONE&v3=,
HD34721,5.31402,-18.13005,0,0,0,0,5.96,G0,,1800,5,0,https://archive.stsci.edu/cgi-bin/dss_search?v=poss2ukstu_red&r=79.7103&d=-18.13005&e=J2000&h=15.0&w=15.0&f=gif&c=none&fov=NONE&v3=,
HD34411,5.3190207,40.09905,0,0,0,0,4.7,G0,,1800,5,0,https://archive.stsci.edu/cgi-bin/dss_search?v=poss2ukstu_red&r=79.7853105&d=40.09905&e=J2000&h=15.0&w=15.0&f=gif&c=none&fov=NONE&v3=,
HD36003,5.4739153,-3.49956,0,0,0,0,7.642,K5,,1800,5,0,https://archive.stsci.edu/cgi-bin/dss_search?v=poss2ukstu_red&r=82.1087295&d=-3.49956&e=J2000&h=15.0&w=15.0&f=gif&c=none&fov=NONE&v3=,
HD37008,5.636628,51.44574,0,0,0,0,7.73,K2,,1800,5,0,https://archive.stsci.edu/cgi-bin/dss_search?v=poss2ukstu_red&r=84.54942&d=51.44574&e=J2000&h=15.0&w=15.0&f=gif&c=none&fov=NONE&v3=,
HD38230,5.7671907,37.28465,0,0,0,0,7.36,K0,,1800,5,0,https://archive.stsci.edu/cgi-bin/dss_search?v=poss2ukstu_red&r=86.5078605&d=37.28465&e=J2000&h=15.0&w=15.0&f=gif&c=none&fov=NONE&v3=,
HD38858,5.809706,-4.09465,0,0,0,0,5.966,G4,,1800,5,0,https://archive.stsci.edu/cgi-bin/dss_search?v=poss2ukstu_red&r=87.14559&d=-4.09465&e=J2000&h=15.0&w=15.0&f=gif&c=none&fov=NONE&v3=,
HD40397,5.9726487,-4.65067,0,0,0,0,6.984,G0,,1800,5,0,https://archive.stsci.edu/cgi-bin/dss_search?v=poss2ukstu_red&r=89.5897305&d=-4.65067&e=J2000&h=15.0&w=15.0&f=gif&c=none&fov=NONE&v3=,
HD42618,6.2001573,6.78307,0,0,0,0,6.839,G4,,1800,5,0,https://archive.stsci.edu/cgi-bin/dss_search?v=poss2ukstu_red&r=93.0023595&d=6.78307&e=J2000&h=15.0&w=15.0&f=gif&c=none&fov=NONE&v3=,
HD45184,6.4121887,-28.78011,0,0,0,0,6.374,G2,,1800,5,0,https://archive.stsci.edu/cgi-bin/dss_search?v=poss2ukstu_red&r=96.1828305&d=-28.78011&e=J2000&h=15.0&w=15.0&f=gif&c=none&fov=NONE&v3=,
HD48682,6.7789827,43.57743,0,0,0,0,5.252,G0,,1800,5,0,https://archive.stsci.edu/cgi-bin/dss_search?v=poss2ukstu_red&r=101.6847405&d=43.57743&e=J2000&h=15.0&w=15.0&f=gif&c=none&fov=NONE&v3=,
HD50692,6.921852,25.3757,0,0,0,0,5.76,G0,,1800,5,0,https://archive.stsci.edu/cgi-bin/dss_search?v=poss2ukstu_red&r=103.82778&d=25.3757&e=J2000&h=15.0&w=15.0&f=gif&c=none&fov=NONE&v3=,
HD51419,6.9699307,22.47589,0,0,0,0,6.94,G5,,1800,5,0,https://archive.stsci.edu/cgi-bin/dss_search?v=poss2ukstu_red&r=104.5489605&d=22.47589&e=J2000&h=15.0&w=15.0&f=gif&c=none&fov=NONE&v3=,
HD51866,7.027386,48.37867,0,0,0,0,8,K3,,1800,5,0,https://archive.stsci.edu/cgi-bin/dss_search?v=poss2ukstu_red&r=105.41079&d=48.37867&e=J2000&h=15.0&w=15.0&f=gif&c=none&fov=NONE&v3=,
HD52711,7.0584607,29.33708,0,0,0,0,5.93,G4,,1800,5,0,https://archive.stsci.edu/cgi-bin/dss_search?v=poss2ukstu_red&r=105.8769105&d=29.33708&e=J2000&h=15.0&w=15.0&f=gif&c=none&fov=NONE&v3=,
HD55575,7.2639273,47.23996,0,0,0,0,5.554,G0,,1800,5,0,https://archive.stsci.edu/cgi-bin/dss_search?v=poss2ukstu_red&r=108.9589095&d=47.23996&e=J2000&h=15.0&w=15.0&f=gif&c=none&fov=NONE&v3=,
HD62613,7.9381193,80.26554,0,0,0,0,6.56,G8,,1800,5,1,https://archive.stsci.edu/cgi-bin/dss_search?v=poss2ukstu_red&r=119.0717895&d=80.26554&e=J2000&h=15.0&w=15.0&f=gif&c=none&fov=NONE&v3=,
HD65277,7.966052,-0.81442,0,0,0,0,8.77,K5,,1800,5,0,https://archive.stsci.edu/cgi-bin/dss_search?v=poss2ukstu_red&r=119.49078&d=-0.81442&e=J2000&h=15.0&w=15.0&f=gif&c=none&fov=NONE&v3=,
HD65583,8.0089247,29.21236,0,0,0,0,6.94,G8,,1800,5,0,https://archive.stsci.edu/cgi-bin/dss_search?v=poss2ukstu_red&r=120.1338705&d=29.21236&e=J2000&h=15.0&w=15.0&f=gif&c=none&fov=NONE&v3=,
HD68017,8.194068,32.45713,0,0,0,0,6.81,G4,,1800,5,0,https://archive.stsci.edu/cgi-bin/dss_search?v=poss2ukstu_red&r=122.91102&d=32.45713&e=J2000&h=15.0&w=15.0&f=gif&c=none&fov=NONE&v3=,
HD73667,8.6641087,11.52267,0,0,0,0,7.582,K1,,1800,5,0,https://archive.stsci.edu/cgi-bin/dss_search?v=poss2ukstu_red&r=129.9616305&d=11.52267&e=J2000&h=15.0&w=15.0&f=gif&c=none&fov=NONE&v3=,
HD84035,9.723794,42.69156,0,0,0,0,8.16,K5,,1800,5,0,https://archive.stsci.edu/cgi-bin/dss_search?v=poss2ukstu_red&r=145.85691&d=42.69156&e=J2000&h=15.0&w=15.0&f=gif&c=none&fov=NONE&v3=,
HD84117,9.7040047,-23.91557,0,0,0,0,4.94,G0,,1800,5,0,https://archive.stsci.edu/cgi-bin/dss_search?v=poss2ukstu_red&r=145.5600705&d=-23.91557&e=J2000&h=15.0&w=15.0&f=gif&c=none&fov=NONE&v3=,
HD84737,9.8098253,46.02101,0,0,0,0,5.1,G0,,1800,5,0,https://archive.stsci.edu/cgi-bin/dss_search?v=poss2ukstu_red&r=147.1473795&d=46.02101&e=J2000&h=15.0&w=15.0&f=gif&c=none&fov=NONE&v3=,
HD86728,10.0168493,31.92367,0,0,0,0,5.4,G3,,1800,5,0,https://archive.stsci.edu/cgi-bin/dss_search?v=poss2ukstu_red&r=150.2527395&d=31.92367&e=J2000&h=15.0&w=15.0&f=gif&c=none&fov=NONE&v3=,
HD87883,10.1453167,34.24226,0,0,0,0,7.55,K0,,1800,5,0,https://archive.stsci.edu/cgi-bin/dss_search?v=poss2ukstu_red&r=152.1797505&d=34.24226&e=J2000&h=15.0&w=15.0&f=gif&c=none&fov=NONE&v3=,
HD89269,10.31443,44.04832,0,0,0,0,6.65,G5,,1800,5,0,https://archive.stsci.edu/cgi-bin/dss_search?v=poss2ukstu_red&r=154.71645&d=44.04832&e=J2000&h=15.0&w=15.0&f=gif&c=none&fov=NONE&v3=,
HD90156,10.3986873,-29.64553,0,0,0,0,6.92,G5,,1800,5,0,https://archive.stsci.edu/cgi-bin/dss_search?v=poss2ukstu_red&r=155.9803095&d=-29.64553&e=J2000&h=15.0&w=15.0&f=gif&c=none&fov=NONE&v3=,
HD92719,10.7037007,-13.78771,0,0,0,0,6.767,G2,,1800,5,0,https://archive.stsci.edu/cgi-bin/dss_search?v=poss2ukstu_red&r=160.5555105&d=-13.78771&e=J2000&h=15.0&w=15.0&f=gif&c=none&fov=NONE&v3=,
HD95128,10.991104,40.43026,0,0,0,0,5.04,G1,,1800,5,0,https://archive.stsci.edu/cgi-bin/dss_search?v=poss2ukstu_red&r=164.86656&d=40.43026&e=J2000&h=15.0&w=15.0&f=gif&c=none&fov=NONE&v3=,
HD97101,11.18477,30.44602,0,0,0,0,8.31,K8,,1800,5,0,https://archive.stsci.edu/cgi-bin/dss_search?v=poss2ukstu_red&r=167.77155&d=30.44602&e=J2000&h=15.0&w=15.0&f=gif&c=none&fov=NONE&v3=,
HD97343,11.2003307,-26.13667,0,0,0,0,7.037,G8,,1800,5,0,https://archive.stsci.edu/cgi-bin/dss_search?v=poss2ukstu_red&r=168.0049605&d=-26.13667&e=J2000&h=15.0&w=15.0&f=gif&c=none&fov=NONE&v3=,
HD97658,11.2425453,25.71038,0,0,0,0,7.714,K1,,1800,5,0,https://archive.stsci.edu/cgi-bin/dss_search?v=poss2ukstu_red&r=168.6381795&d=25.71038&e=J2000&h=15.0&w=15.0&f=gif&c=none&fov=NONE&v3=,
HD98281,11.306114,-5.0673,0,0,0,0,7.232,G8,,1800,5,0,https://archive.stsci.edu/cgi-bin/dss_search?v=poss2ukstu_red&r=169.59171&d=-5.0673&e=J2000&h=15.0&w=15.0&f=gif&c=none&fov=NONE&v3=,
HD99491,11.4459227,3.0131,0,0,0,0,6.49,K0,,1800,5,0,https://archive.stsci.edu/cgi-bin/dss_search?v=poss2ukstu_red&r=171.6888405&d=3.0131&e=J2000&h=15.0&w=15.0&f=gif&c=none&fov=NONE&v3=,
HD99492,11.446188,3.00633,0,0,0,0,7.53,K2,,1800,5,0,https://archive.stsci.edu/cgi-bin/dss_search?v=poss2ukstu_red&r=171.69282&d=3.00633&e=J2000&h=15.0&w=15.0&f=gif&c=none&fov=NONE&v3=,
HD100180,11.5291513,14.3645,0,0,0,0,6.2,G0,,1800,5,0,https://archive.stsci.edu/cgi-bin/dss_search?v=poss2ukstu_red&r=172.9372695&d=14.3645&e=J2000&h=15.0&w=15.0&f=gif&c=none&fov=NONE&v3=,
HD100623,11.5748573,-32.83134,0,0,0,0,5.98,K0,,1800,5,0,https://archive.stsci.edu/cgi-bin/dss_search?v=poss2ukstu_red&r=173.6228595&d=-32.83134&e=J2000&h=15.0&w=15.0&f=gif&c=none&fov=NONE&v3=,
HD103932,11.9656133,-27.70704,0,0,0,0,6.964,K5,,1800,5,0,https://archive.stsci.edu/cgi-bin/dss_search?v=poss2ukstu_red&r=179.4841995&d=-27.70704&e=J2000&h=15.0&w=15.0&f=gif&c=none&fov=NONE&v3=,
HD104304,12.0123473,-10.44601,0,0,0,0,5.54,G9,,1800,5,0,https://archive.stsci.edu/cgi-bin/dss_search?v=poss2ukstu_red&r=180.1852095&d=-10.44601&e=J2000&h=15.0&w=15.0&f=gif&c=none&fov=NONE&v3=,
HD109358,12.5623733,41.35748,0,0,0,0,4.25,G0,,1800,5,0,https://archive.stsci.edu/cgi-bin/dss_search?v=poss2ukstu_red&r=188.4355995&d=41.35748&e=J2000&h=15.0&w=15.0&f=gif&c=none&fov=NONE&v3=,
HD110315,12.6851333,15.37666,0,0,0,0,7.9,K2,,1800,5,0,https://archive.stsci.edu/cgi-bin/dss_search?v=poss2ukstu_red&r=190.2769995&d=15.37666&e=J2000&h=15.0&w=15.0&f=gif&c=none&fov=NONE&v3=,
HD110897,12.7498347,39.27892,0,0,0,0,6,G0,,1800,5,0,https://archive.stsci.edu/cgi-bin/dss_search?v=poss2ukstu_red&r=191.2475205&d=39.27892&e=J2000&h=15.0&w=15.0&f=gif&c=none&fov=NONE&v3=,
HD114613,13.2008847,-37.80302,0,0,0,0,4.85,G3,,1800,5,0,https://archive.stsci.edu/cgi-bin/dss_search?v=poss2ukstu_red&r=198.0132705&d=-37.80302&e=J2000&h=15.0&w=15.0&f=gif&c=none&fov=NONE&v3=,
HD114783,13.2121627,-2.26504,0,0,0,0,7.55,K0,,1800,5,0,https://archive.stsci.edu/cgi-bin/dss_search?v=poss2ukstu_red&r=198.1824405&d=-2.26504&e=J2000&h=15.0&w=15.0&f=gif&c=none&fov=NONE&v3=,
HD115617,13.306754,-18.3112,0,0,0,0,4.74,G5,,1800,5,0,https://archive.stsci.edu/cgi-bin/dss_search?v=poss2ukstu_red&r=199.60131&d=-18.3112&e=J2000&h=15.0&w=15.0&f=gif&c=none&fov=NONE&v3=,
HD116442,13.3942093,2.72332,0,0,0,0,7.06,G5,,1800,5,0,https://archive.stsci.edu/cgi-bin/dss_search?v=poss2ukstu_red&r=200.9131395&d=2.72332&e=J2000&h=15.0&w=15.0&f=gif&c=none&fov=NONE&v3=,
HD116443,13.3946787,2.72524,0,0,0,0,7.36,G5,,1800,5,0,https://archive.stsci.edu/cgi-bin/dss_search?v=poss2ukstu_red&r=200.9201805&d=2.72524&e=J2000&h=15.0&w=15.0&f=gif&c=none&fov=NONE&v3=,
HD117176,13.473836,13.77879,0,0,0,0,4.97,G4,,1800,5,0,https://archive.stsci.edu/cgi-bin/dss_search?v=poss2ukstu_red&r=202.10754&d=13.77879&e=J2000&h=15.0&w=15.0&f=gif&c=none&fov=NONE&v3=,
HD120467,13.8291127,-22.11109,0,0,0,0,8.166,K4,,1800,5,0,https://archive.stsci.edu/cgi-bin/dss_search?v=poss2ukstu_red&r=207.4366905&d=-22.11109&e=J2000&h=15.0&w=15.0&f=gif&c=none&fov=NONE&v3=,
HD122120,13.9887227,22.86975,0,0,0,0,9.04,K5,,1800,5,0,https://archive.stsci.edu/cgi-bin/dss_search?v=poss2ukstu_red&r=209.8308405&d=22.86975&e=J2000&h=15.0&w=15.0&f=gif&c=none&fov=NONE&v3=,
HD125455,14.3263513,-5.15119,0,0,0,0,7.569,K1,,1800,5,0,https://archive.stsci.edu/cgi-bin/dss_search?v=poss2ukstu_red&r=214.8952695&d=-5.15119&e=J2000&h=15.0&w=15.0&f=gif&c=none&fov=NONE&v3=,
HD126053,14.3875793,1.24157,0,0,0,0,6.3,G1,,1800,5,0,https://archive.stsci.edu/cgi-bin/dss_search?v=poss2ukstu_red&r=215.8136895&d=1.24157&e=J2000&h=15.0&w=15.0&f=gif&c=none&fov=NONE&v3=,
HD127334,14.493558,41.79591,0,0,0,0,6.36,G5,,1800,5,0,https://archive.stsci.edu/cgi-bin/dss_search?v=poss2ukstu_red&r=217.40337&d=41.79591&e=J2000&h=15.0&w=15.0&f=gif&c=none&fov=NONE&v3=,
HD130992,14.8612407,-24.30413,0,0,0,0,7.805,K3,,1800,5,0,https://archive.stsci.edu/cgi-bin/dss_search?v=poss2ukstu_red&r=222.9186105&d=-24.30413&e=J2000&h=15.0&w=15.0&f=gif&c=none&fov=NONE&v3=,
HD132142,14.9197347,53.68035,0,0,0,0,7.73,K1,,1800,5,0,https://archive.stsci.edu/cgi-bin/dss_search?v=poss2ukstu_red&r=223.7960205&d=53.68035&e=J2000&h=15.0&w=15.0&f=gif&c=none&fov=NONE&v3=,
HD136713,15.3768593,-10.66112,0,0,0,0,7.942,K2,,1800,5,0,https://archive.stsci.edu/cgi-bin/dss_search?v=poss2ukstu_red&r=230.6528895&d=-10.66112&e=J2000&h=15.0&w=15.0&f=gif&c=none&fov=NONE&v3=,
HD139323,15.599046,39.83112,0,0,0,0,7.56,K3,,1800,5,0,https://archive.stsci.edu/cgi-bin/dss_search?v=poss2ukstu_red&r=233.98569&d=39.83112&e=J2000&h=15.0&w=15.0&f=gif&c=none&fov=NONE&v3=,
HD140538,15.7338387,2.51517,0,0,0,0,5.879,G2,,1800,5,0,https://archive.stsci.edu/cgi-bin/dss_search?v=poss2ukstu_red&r=236.0075805&d=2.51517&e=J2000&h=15.0&w=15.0&f=gif&c=none&fov=NONE&v3=,
HD141004,15.7740593,7.35307,0,0,0,0,4.42,G0,,1800,5,0,https://archive.stsci.edu/cgi-bin/dss_search?v=poss2ukstu_red&r=236.6108895&d=7.35307&e=J2000&h=15.0&w=15.0&f=gif&c=none&fov=NONE&v3=,
HD143761,16.017406,33.30351,0,0,0,0,5.41,G0,,1800,5,0,https://archive.stsci.edu/cgi-bin/dss_search?v=poss2ukstu_red&r=240.26109&d=33.30351&e=J2000&h=15.0&w=15.0&f=gif&c=none&fov=NONE&v3=,
HD144579,16.0824427,39.15651,0,0,0,0,6.66,G8,,1800,5,0,https://archive.stsci.edu/cgi-bin/dss_search?v=poss2ukstu_red&r=241.2366405&d=39.15651&e=J2000&h=15.0&w=15.0&f=gif&c=none&fov=NONE&v3=,
HD145675,16.1734207,43.81764,0,0,0,0,6.67,K0,,1800,5,0,https://archive.stsci.edu/cgi-bin/dss_search?v=poss2ukstu_red&r=242.6013105&d=43.81764&e=J2000&h=15.0&w=15.0&f=gif&c=none&fov=NONE&v3=,
HD145958A,16.2217927,13.52691,0,0,0,0,7.43,G8,,1800,5,0,https://archive.stsci.edu/cgi-bin/dss_search?v=poss2ukstu_red&r=243.3268905&d=13.52691&e=J2000&h=15.0&w=15.0&f=gif&c=none&fov=NONE&v3=,
HD145958B,16.2217927,13.52691,0,0,0,0,7.48,K0,,1800,5,0,https://archive.stsci.edu/cgi-bin/dss_search?v=poss2ukstu_red&r=243.3268905&d=13.52691&e=J2000&h=15.0&w=15.0&f=gif&c=none&fov=NONE&v3=,
HD146233,16.2603527,-8.36944,0,0,0,0,5.5,G2,,1800,5,0,https://archive.stsci.edu/cgi-bin/dss_search?v=poss2ukstu_red&r=243.9052905&d=-8.36944&e=J2000&h=15.0&w=15.0&f=gif&c=none&fov=NONE&v3=,
HD146362,16.244554,33.85751,0,0,0,0,6.419,G1,,1800,5,0,https://archive.stsci.edu/cgi-bin/dss_search?v=poss2ukstu_red&r=243.66831&d=33.85751&e=J2000&h=15.0&w=15.0&f=gif&c=none&fov=NONE&v3=,
HD148467,16.465808,7.30545,0,0,0,0,8.82,K5,,1800,5,0,https://archive.stsci.edu/cgi-bin/dss_search?v=poss2ukstu_red&r=246.98712&d=7.30545&e=J2000&h=15.0&w=15.0&f=gif&c=none&fov=NONE&v3=,
HD149806,16.619008,0.25434,0,0,0,0,7.065,K0,,1800,5,0,https://archive.stsci.edu/cgi-bin/dss_search?v=poss2ukstu_red&r=249.28512&d=0.25434&e=J2000&h=15.0&w=15.0&f=gif&c=none&fov=NONE&v3=,
HD151288,16.751764,33.50923,0,0,0,0,8.11,K5,,1800,5,0,https://archive.stsci.edu/cgi-bin/dss_search?v=poss2ukstu_red&r=251.27646&d=33.50923&e=J2000&h=15.0&w=15.0&f=gif&c=none&fov=NONE&v3=,
HD151541,16.710716,68.10217,0,0,0,0,7.56,K1,,1800,5,0,https://archive.stsci.edu/cgi-bin/dss_search?v=poss2ukstu_red&r=250.66074&d=68.10217&e=J2000&h=15.0&w=15.0&f=gif&c=none&fov=NONE&v3=,
HD154088,17.0744007,-28.58268,0,0,0,0,6.584,G8,,1800,5,0,https://archive.stsci.edu/cgi-bin/dss_search?v=poss2ukstu_red&r=256.1160105&d=-28.58268&e=J2000&h=15.0&w=15.0&f=gif&c=none&fov=NONE&v3=,
HD154345,17.0434453,47.08188,0,0,0,0,6.74,G8,,1800,5,0,https://archive.stsci.edu/cgi-bin/dss_search?v=poss2ukstu_red&r=255.6516795&d=47.08188&e=J2000&h=15.0&w=15.0&f=gif&c=none&fov=NONE&v3=,
HD154363,17.084276,-5.06651,0,0,0,0,7.709,K5,,1800,5,0,https://archive.stsci.edu/cgi-bin/dss_search?v=poss2ukstu_red&r=256.26414&d=-5.06651&e=J2000&h=15.0&w=15.0&f=gif&c=none&fov=NONE&v3=,
HD155712,17.2104507,18.35119,0,0,0,0,7.95,K0,,1800,5,0,https://archive.stsci.edu/cgi-bin/dss_search?v=poss2ukstu_red&r=258.1567605&d=18.35119&e=J2000&h=15.0&w=15.0&f=gif&c=none&fov=NONE&v3=,
HD156668,17.2945807,29.22723,0,0,0,0,8.42,K2,,1800,5,0,https://archive.stsci.edu/cgi-bin/dss_search?v=poss2ukstu_red&r=259.4187105&d=29.22723&e=J2000&h=15.0&w=15.0&f=gif&c=none&fov=NONE&v3=,
HD156985,17.29734,52.44711,0,0,0,0,7.96,K2,,1800,5,0,https://archive.stsci.edu/cgi-bin/dss_search?v=poss2ukstu_red&r=259.4601&d=52.44711&e=J2000&h=15.0&w=15.0&f=gif&c=none&fov=NONE&v3=,
HD157214,17.344324,32.46774,0,0,0,0,5.4,G0,,1800,5,0,https://archive.stsci.edu/cgi-bin/dss_search?v=poss2ukstu_red&r=260.16486&d=32.46774&e=J2000&h=15.0&w=15.0&f=gif&c=none&fov=NONE&v3=,
HD157347,17.3809133,-2.38818,0,0,0,0,6.293,G5,,1800,5,0,https://archive.stsci.edu/cgi-bin/dss_search?v=poss2ukstu_red&r=260.7136995&d=-2.38818&e=J2000&h=15.0&w=15.0&f=gif&c=none&fov=NONE&v3=,
HD158633,17.416694,67.3067,0,0,0,0,6.43,K0,,1800,5,0,https://archive.stsci.edu/cgi-bin/dss_search?v=poss2ukstu_red&r=261.25041&d=67.3067&e=J2000&h=15.0&w=15.0&f=gif&c=none&fov=NONE&v3=,
HD159062,17.5045627,47.4022,0,0,0,0,7.222,G5,,1800,5,0,https://archive.stsci.edu/cgi-bin/dss_search?v=poss2ukstu_red&r=262.5684405&d=47.4022&e=J2000&h=15.0&w=15.0&f=gif&c=none&fov=NONE&v3=,
HD159222,17.5336093,34.27115,0,0,0,0,6.56,G5,,1800,5,0,https://archive.stsci.edu/cgi-bin/dss_search?v=poss2ukstu_red&r=263.0041395&d=34.27115&e=J2000&h=15.0&w=15.0&f=gif&c=none&fov=NONE&v3=,
HD161797,17.7743133,27.72068,0,0,0,0,3.41,G5,,834,5,0,https://archive.stsci.edu/cgi-bin/dss_search?v=poss2ukstu_red&r=266.6146995&d=27.72068&e=J2000&h=15.0&w=15.0&f=gif&c=none&fov=NONE&v3=,
HD164922,18.041906,26.313,0,0,0,0,6.99,K0,,1800,5,0,https://archive.stsci.edu/cgi-bin/dss_search?v=poss2ukstu_red&r=270.62859&d=26.313&e=J2000&h=15.0&w=15.0&f=gif&c=none&fov=NONE&v3=,
HD166620,18.1603933,38.45778,0,0,0,0,6.37,K2,,1800,5,0,https://archive.stsci.edu/cgi-bin/dss_search?v=poss2ukstu_red&r=272.4058995&d=38.45778&e=J2000&h=15.0&w=15.0&f=gif&c=none&fov=NONE&v3=,
HD168009,18.2590173,45.20932,0,0,0,0,6.309,G2,,1800,5,0,https://archive.stsci.edu/cgi-bin/dss_search?v=poss2ukstu_red&r=273.8852595&d=45.20932&e=J2000&h=15.0&w=15.0&f=gif&c=none&fov=NONE&v3=,
HD170493,18.4978907,-1.8181,0,0,0,0,8.004,K3,,1800,5,0,https://archive.stsci.edu/cgi-bin/dss_search?v=poss2ukstu_red&r=277.4683605&d=-1.8181&e=J2000&h=15.0&w=15.0&f=gif&c=none&fov=NONE&v3=,
HD172051,18.6481667,-21.05187,0,0,0,0,5.866,G5,,1800,5,0,https://archive.stsci.edu/cgi-bin/dss_search?v=poss2ukstu_red&r=279.7225005&d=-21.05187&e=J2000&h=15.0&w=15.0&f=gif&c=none&fov=NONE&v3=,
HD176377,18.980834,30.18065,0,0,0,0,6.78,G0,,1800,5,0,https://archive.stsci.edu/cgi-bin/dss_search?v=poss2ukstu_red&r=284.71251&d=30.18065&e=J2000&h=15.0&w=15.0&f=gif&c=none&fov=NONE&v3=,
HD179957,19.2013,49.85389,0,0,0,0,6.75,G4,,1800,5,0,https://archive.stsci.edu/cgi-bin/dss_search?v=poss2ukstu_red&r=288.0195&d=49.85389&e=J2000&h=15.0&w=15.0&f=gif&c=none&fov=NONE&v3=,
HD179958,19.2013973,49.85576,0,0,0,0,6.57,G4,,1800,5,0,https://archive.stsci.edu/cgi-bin/dss_search?v=poss2ukstu_red&r=288.0209595&d=49.85576&e=J2000&h=15.0&w=15.0&f=gif&c=none&fov=NONE&v3=,
HD182488,19.3927813,33.22197,0,0,0,0,6.361,G8,,1800,5,0,https://archive.stsci.edu/cgi-bin/dss_search?v=poss2ukstu_red&r=290.8917195&d=33.22197&e=J2000&h=15.0&w=15.0&f=gif&c=none&fov=NONE&v3=,
HD182572,19.4161667,11.94442,0,0,0,0,5.16,G8,,1800,5,0,https://archive.stsci.edu/cgi-bin/dss_search?v=poss2ukstu_red&r=291.2425005&d=11.94442&e=J2000&h=15.0&w=15.0&f=gif&c=none&fov=NONE&v3=,
HD185414,19.5987813,56.9839,0,0,0,0,6.74,G0,,1800,5,0,https://archive.stsci.edu/cgi-bin/dss_search?v=poss2ukstu_red&r=293.9817195&d=56.9839&e=J2000&h=15.0&w=15.0&f=gif&c=none&fov=NONE&v3=,
HD186408,19.6969313,50.52506,0,0,0,0,5.96,G1,,1800,5,0,https://archive.stsci.edu/cgi-bin/dss_search?v=poss2ukstu_red&r=295.4539695&d=50.52506&e=J2000&h=15.0&w=15.0&f=gif&c=none&fov=NONE&v3=,
HD186427,19.69777,50.51752,0,0,0,0,6.2,G3,,1800,5,0,https://archive.stsci.edu/cgi-bin/dss_search?v=poss2ukstu_red&r=295.46655&d=50.51752&e=J2000&h=15.0&w=15.0&f=gif&c=none&fov=NONE&v3=,
HD190067,20.0428213,15.59208,0,0,0,0,7.115,G7,,1800,5,0,https://archive.stsci.edu/cgi-bin/dss_search?v=poss2ukstu_red&r=300.6423195&d=15.59208&e=J2000&h=15.0&w=15.0&f=gif&c=none&fov=NONE&v3=,
HD190360,20.0603907,29.89681,0,0,0,0,5.71,G6,,1800,5,0,https://archive.stsci.edu/cgi-bin/dss_search?v=poss2ukstu_red&r=300.9058605&d=29.89681&e=J2000&h=15.0&w=15.0&f=gif&c=none&fov=NONE&v3=,
HD190404,20.06448,23.34069,0,0,0,0,7.27,K1,,1800,5,0,https://archive.stsci.edu/cgi-bin/dss_search?v=poss2ukstu_red&r=300.9672&d=23.34069&e=J2000&h=15.0&w=15.0&f=gif&c=none&fov=NONE&v3=,
HD190406,20.068396,17.07017,0,0,0,0,5.8,G1,,1800,5,0,https://archive.stsci.edu/cgi-bin/dss_search?v=poss2ukstu_red&r=301.02594&d=17.07017&e=J2000&h=15.0&w=15.0&f=gif&c=none&fov=NONE&v3=,
HD191785,20.1850207,16.188,0,0,0,0,7.323,K1,,1800,5,0,https://archive.stsci.edu/cgi-bin/dss_search?v=poss2ukstu_red&r=302.7753105&d=16.188&e=J2000&h=15.0&w=15.0&f=gif&c=none&fov=NONE&v3=,
HD192310,20.2548307,-27.03298,0,0,0,0,5.723,K0,,1800,5,0,https://archive.stsci.edu/cgi-bin/dss_search?v=poss2ukstu_red&r=303.8224605&d=-27.03298&e=J2000&h=15.0&w=15.0&f=gif&c=none&fov=NONE&v3=,
HD193202,20.1812267,77.23897,0,0,0,0,8.88,K5,,1800,5,0,https://archive.stsci.edu/cgi-bin/dss_search?v=poss2ukstu_red&r=302.7184005&d=77.23897&e=J2000&h=15.0&w=15.0&f=gif&c=none&fov=NONE&v3=,
HD196761,20.669932,-23.77387,0,0,0,0,6.37,G8,,1800,5,0,https://archive.stsci.edu/cgi-bin/dss_search?v=poss2ukstu_red&r=310.04898&d=-23.77387&e=J2000&h=15.0&w=15.0&f=gif&c=none&fov=NONE&v3=,
HD197076,20.679206,19.93554,0,0,0,0,6.45,G5,,1800,5,0,https://archive.stsci.edu/cgi-bin/dss_search?v=poss2ukstu_red&r=310.18809&d=19.93554&e=J2000&h=15.0&w=15.0&f=gif&c=none&fov=NONE&v3=,
HD201091,21.114984,38.74942,0,0,0,0,5.21,K5,,1800,5,0,https://archive.stsci.edu/cgi-bin/dss_search?v=poss2ukstu_red&r=316.72476&d=38.74942&e=J2000&h=15.0&w=15.0&f=gif&c=none&fov=NONE&v3=,
HD201092,21.1153513,38.74206,0,0,0,0,6.03,K7,,1800,5,0,https://archive.stsci.edu/cgi-bin/dss_search?v=poss2ukstu_red&r=316.7302695&d=38.74206&e=J2000&h=15.0&w=15.0&f=gif&c=none&fov=NONE&v3=,
HD202751,21.3008267,0.16158,0,0,0,0,8.158,K2,,1800,5,0,https://archive.stsci.edu/cgi-bin/dss_search?v=poss2ukstu_red&r=319.5124005&d=0.16158&e=J2000&h=15.0&w=15.0&f=gif&c=none&fov=NONE&v3=,
HD204587,21.5007647,-12.51007,0,0,0,0,9.075,K5,,1800,5,0,https://archive.stsci.edu/cgi-bin/dss_search?v=poss2ukstu_red&r=322.5114705&d=-12.51007&e=J2000&h=15.0&w=15.0&f=gif&c=none&fov=NONE&v3=,
HD208313,21.9125113,32.32857,0,0,0,0,7.78,K0,,1800,5,0,https://archive.stsci.edu/cgi-bin/dss_search?v=poss2ukstu_red&r=328.6876695&d=32.32857&e=J2000&h=15.0&w=15.0&f=gif&c=none&fov=NONE&v3=,
HD210277,22.158296,-7.54865,0,0,0,0,6.63,G0,,1800,5,0,https://archive.stsci.edu/cgi-bin/dss_search?v=poss2ukstu_red&r=332.37444&d=-7.54865&e=J2000&h=15.0&w=15.0&f=gif&c=none&fov=NONE&v3=,
HD210302,22.1691053,-32.54841,0,0,0,0,4.92,F6,,1800,5,0,https://archive.stsci.edu/cgi-bin/dss_search?v=poss2ukstu_red&r=332.5365795&d=-32.54841&e=J2000&h=15.0&w=15.0&f=gif&c=none&fov=NONE&v3=,
HD213042,22.487566,-30.01841,0,0,0,0,7.645,K5,,1800,5,0,https://archive.stsci.edu/cgi-bin/dss_search?v=poss2ukstu_red&r=337.31349&d=-30.01841&e=J2000&h=15.0&w=15.0&f=gif&c=none&fov=NONE&v3=,
HD215152,22.722584,-6.40082,0,0,0,0,8.13,K0,,1800,5,0,https://archive.stsci.edu/cgi-bin/dss_search?v=poss2ukstu_red&r=340.83876&d=-6.40082&e=J2000&h=15.0&w=15.0&f=gif&c=none&fov=NONE&v3=,
HD216520,22.7921873,83.69703,0,0,0,0,7.524,K2,,1800,5,0,https://archive.stsci.edu/cgi-bin/dss_search?v=poss2ukstu_red&r=341.8828095&d=83.69703&e=J2000&h=15.0&w=15.0&f=gif&c=none&fov=NONE&v3=,
HD216259,22.8573213,13.96998,0,0,0,0,8.29,K0,,1800,5,0,https://archive.stsci.edu/cgi-bin/dss_search?v=poss2ukstu_red&r=342.8598195&d=13.96998&e=J2000&h=15.0&w=15.0&f=gif&c=none&fov=NONE&v3=,
HD217014,22.9577727,20.76883,0,0,0,0,5.46,G2,,1800,5,0,https://archive.stsci.edu/cgi-bin/dss_search?v=poss2ukstu_red&r=344.3665905&d=20.76883&e=J2000&h=15.0&w=15.0&f=gif&c=none&fov=NONE&v3=,
HD218868,23.1805773,45.51227,0,0,0,0,7,K0,,1800,5,0,https://archive.stsci.edu/cgi-bin/dss_search?v=poss2ukstu_red&r=347.7086595&d=45.51227&e=J2000&h=15.0&w=15.0&f=gif&c=none&fov=NONE&v3=,
HD219134,23.221382,57.16835,0,0,0,0,5.57,K3,,1800,5,0,https://archive.stsci.edu/cgi-bin/dss_search?v=poss2ukstu_red&r=348.32073&d=57.16835&e=J2000&h=15.0&w=15.0&f=gif&c=none&fov=NONE&v3=,
HD219538,23.2717107,30.67021,0,0,0,0,8.09,K2,,1800,5,0,https://archive.stsci.edu/cgi-bin/dss_search?v=poss2ukstu_red&r=349.0756605&d=30.67021&e=J2000&h=15.0&w=15.0&f=gif&c=none&fov=NONE&v3=,
HD219834,23.3185187,-13.45855,0,0,0,0,5.19,K2,,1800,5,0,https://archive.stsci.edu/cgi-bin/dss_search?v=poss2ukstu_red&r=349.7777805&d=-13.45855&e=J2000&h=15.0&w=15.0&f=gif&c=none&fov=NONE&v3=,
HD220339,23.3846927,-10.76424,0,0,0,0,7.796,K2,,1800,5,0,https://archive.stsci.edu/cgi-bin/dss_search?v=poss2ukstu_red&r=350.7703905&d=-10.76424&e=J2000&h=15.0&w=15.0&f=gif&c=none&fov=NONE&v3=,
HD221354,23.522836,59.16552,0,0,0,0,6.74,K2,,1800,5,0,https://archive.stsci.edu/cgi-bin/dss_search?v=poss2ukstu_red&r=352.84254&d=59.16552&e=J2000&h=15.0&w=15.0&f=gif&c=none&fov=NONE&v3=,
HIP18280,3.909852,-6.82601,0,0,0,0,9.015,K7,,1800,5,0,https://archive.stsci.edu/cgi-bin/dss_search?v=poss2ukstu_red&r=58.64778&d=-6.82601&e=J2000&h=15.0&w=15.0&f=gif&c=none&fov=NONE&v3=,
HIP19165,4.109678,-20.85312,0,0,0,0,9.675,K4,,1800,5,0,https://archive.stsci.edu/cgi-bin/dss_search?v=poss2ukstu_red&r=61.64517&d=-20.85312&e=J2000&h=15.0&w=15.0&f=gif&c=none&fov=NONE&v3=,
HIP41689,8.49898,61.72576,0,0,0,0,10.31,K7,,1800,5,0,https://archive.stsci.edu/cgi-bin/dss_search?v=poss2ukstu_red&r=127.4847&d=61.72576&e=J2000&h=15.0&w=15.0&f=gif&c=none&fov=NONE&v3=,
HD134987,15.22463,-25.309347,-399.92,-74.85,38.16,5.174,6.46,,,1800,5,0,https://archive.stsci.edu/cgi-bin/dss_search?v=poss2ukstu_red&r=228.36945&d=-25.309347&e=J2000&h=15.0&w=15.0&f=gif&c=none&fov=NONE&v3=,"known planet, NOT IN ETA EARTH"
HD38529,5.7763647,1.1681944,-79.12,-141.84,25.46,30.21,5.938,,,1800,5,0,https://archive.stsci.edu/cgi-bin/dss_search?v=poss2ukstu_red&r=86.6454705&d=1.1681944&e=J2000&h=15.0&w=15.0&f=gif&c=none&fov=NONE&v3=,"known planets (b=12.26 mj, c=0.803 mj), NOT IN ETA EARTH"
